instructions,answers
Describe an AI character designed to replicate an individual's writing.,"An AI character can be developed to write just like a specific individual by incorporating their unique style, personality, and voice directly into a large language model (LLM). The objective is to create an AI that effectively mimics the person's writing patterns and characteristics."
Explain the primary objective behind constructing and deploying a personalized AI replica.,"The ultimate aim is to successfully build and deploy your very own personalized AI replica, specifically referred to as an LLM twin. This involves taking the concept from initial design all the way through to a functional, deployed system."
"What distinguishes a learning approach centered on building and deploying a complete, production-level AI system?",This approach moves beyond isolated scripts or Notebooks. It emphasizes learning production-grade machine learning techniques by actually constructing and deploying an end-to-end LLM system suitable for real-world applications.
Detail the key abilities one learns when building an LLM system from inception to deployment.,"You acquire the skills to architect and construct a real-world LLM system comprehensively, covering everything from initial data collection through to final deployment. Furthermore, you learn to effectively utilize MLOps best practices, including tools like experiment trackers, model registries, prompt monitoring, and versioning control."
Describe the function and process of a data collection pipeline for gathering personal digital data.,"The data collection pipeline is designed to crawl digital data belonging to an individual from various social media platforms. It then processes this raw data through a sequence of ETL (Extract, Transform, Load) pipelines to clean and normalize it before loading the refined data into a NoSQL database."
Outline the process for handling messages within a feature pipeline.,"The feature pipeline consumes messages from a queue through a Bytewax streaming pipeline. It cleans, chunks, and embeds every message and loads it to a vector DB in real time."
Describe the stages involved in training and evaluating large language models.,"First, a custom instruction dataset is created based on digital data. Then, an LLM is fine-tuned using Unsloth, AWS SageMaker, and Comet ML's experiment tracker. Finally, the LLMs are evaluated using Opik, and the best model is saved to the Hugging Face model registry."
Detail the sequence of operations performed by an inference pipeline for a fine-tuned language model.,The inference pipeline loads and quantizes the fine-tuned LLM from the model registry to the AWS SageMaker REST API. It enhances the prompts using RAG and monitors the LLM using Opik. The LLM Twin is then hooked to a Gradio UI.
Identify the types of professionals best suited for learning about engineering LLM and RAG systems and the necessary prerequisites.,"The audience includes MLEs, DEs, DSs, or SWEs who want to learn to engineer production-ready LLM and RAG systems using LLMOps best practices. Prerequisites include a basic knowledge of Python and ML."
Explain any potential costs associated with using related learning resources and executing code examples.,"The articles and code are completely free and will always remain free. But if you plan to run the code while reading it, you must know that several cloud tools are used, like AWS which has a pay-as-you-go pricing plan, potentially generating additional costs."
Explain the 3-pipeline architecture.,"The 3-pipeline architecture is a design approach explained in the context of building systems. It is applied to standard Machine Learning systems and specifically detailed in relation to LLM projects, including its application to LLM microservices and data collection pipelines for social media data."
Describe the system design considerations for an LLM twin.,"Designing an LLM twin involves specific architectural decisions, particularly concerning the data collection pipeline for social media data. The system design incorporates the 3-pipeline architecture applied to the LLM microservices that constitute the AI replica."
Outline the approach for designing a data collection pipeline for social media information.,The design of a data collection pipeline specifically for social media data involves presenting the architectural decisions made. This design is framed within the context of applying a 3-pipeline architecture to LLM microservices.
Summarize the key elements covered in the initial exploration of building production-ready LLM systems.,"The initial exploration introduces the project goal: building a production-ready LLM Twin AI replica. It explains the concept of the 3-pipeline design and its application to ML systems, before delving into the specific LLM project system design, including architectural choices for social media data collection using the 3-pipeline approach."
Detail the organizational structure of learning material based on published articles.,"The material is organized into 12 distinct lessons. Each lesson corresponds directly to a specific Medium article, covering topics ranging from end-to-end frameworks, data transformation, streaming pipelines, advanced RAG algorithms, fine-tuning pipelines, evaluation frameworks, scaling systems, and prompt monitoring."
Describe what constitutes an AI character designed to replicate a person's writing.,"An AI character designed to replicate your writing incorporates your specific style, personality, and voice directly into a large language model (LLM). Essentially, it's engineered to write just like you."
Explain the objective of creating a personalized AI replica.,"The end goal is to build and deploy your own personalized AI replica, often referred to as an LLM twin, which functions as an AI character reflecting your unique writing attributes."
Outline the process for gathering and preparing digital data for system use.,"The data collection pipeline involves crawling digital data from diverse social media platforms. Following collection, the data undergoes cleaning and normalization before being loaded into a NoSQL database via a sequence of ETL pipelines."
List some best practices associated with managing machine learning operations.,"Key MLOps best practices that can be leveraged include the use of experiment trackers, model registries, prompt monitoring systems, and robust versioning techniques for managing the lifecycle of models and prompts."
Detail the expected skills gained from constructing an end-to-end language model system.,"By constructing an end-to-end language model system, you will learn how to architect and build a real-world LLM system comprehensively, covering everything from initial data collection through to final deployment, moving beyond isolated scripts or Notebooks."
Describe the process for handling database changes and preparing them for a streaming pipeline.,"Using the Change Data Capture (CDC) pattern, database changes are identified and then dispatched to a queue. This queue acts as the message source for subsequent processing stages, such as a feature pipeline."
Explain the function and steps of the feature pipeline.,"The feature pipeline is designed to ingest messages from a queue, utilizing a Bytewax streaming pipeline. It processes each message by cleaning, chunking, and embedding the data, subsequently loading the results into a vector database in real time."
"Outline the workflow for creating, training, and evaluating a custom language model.","A training pipeline constructs a specialized instruction dataset derived from digital data. It then proceeds to fine-tune a language model employing tools like Unsloth, AWS SageMaker, and Comet ML's experiment tracker. Post-training, the models are evaluated with Opik, and the best-performing model is stored in the Hugging Face model registry."
Detail the sequence of operations in the inference pipeline.,"The inference pipeline involves loading and quantizing a fine-tuned LLM from the model registry onto the AWS SageMaker REST API. It enhances input prompts through Retrieval-Augmented Generation (RAG), monitors the LLM's performance using Opik, and finally connects the model to a Gradio user interface."
Identify the key serverless tools integrated within the system architecture.,"Across the microservices architecture, four primary serverless tools are integrated: Comet ML is utilized for experiment tracking, Qdrant serves as the vector database, AWS SageMaker provides the necessary machine learning infrastructure, and Opik is employed for prompt evaluation and ongoing monitoring."
Describe the fundamental concept of an LLM twin.,"The fundamental concept involves building your production-ready LLM Twin, which essentially functions as an AI replica. It represents the core project you aim to construct using LLM technologies and specific system design principles."
Explain the application of the 3-pipeline design.,"The 3-pipeline design is an architectural approach applied initially to standard ML systems. Within LLM projects, it's specifically utilized in the system design, influencing decisions for elements like the data collection pipeline for social media data and the structure of LLM microservices."
Outline the key elements involved in designing an LLM project system.,"Designing an LLM project system involves digging into its specific architecture after understanding foundational concepts. This includes presenting architectural decisions, particularly concerning the design of data collection pipelines (e.g., for social media data), and applying structures like the 3-pipeline architecture to the system's microservices."
What topics are typically covered in an introductory lesson about end-to-end LLM systems?,"An introductory lesson typically presents the project, such as a production-ready LLM Twin AI replica. Afterward, it explains foundational concepts like the 3-pipeline design, how it applies to standard ML systems, and then delves into the specific LLM project system design, including data collection architecture."
Describe the process following the initial system design phase in an LLM project.,"Following the initial system design presentation, the process moves towards a detailed examination of each component's code. The focus shifts to learning how to implement these individual components and subsequently deploy them to relevant platforms, such as AWS SageMaker."
Describe the nature of an AI character that replicates personal writing characteristics.,"It is an AI character that writes like yourself by incorporating your style, personality and voice into an LLM."
Explain the ultimate aim of constructing and operationalizing a personalized AI writing replica.,The end goal? Build and deploy your own LLM twin. You will learn how to architect and build a real world LLM system from start to finish from data collection to deployment.
What are some key MLOps best practices utilized when developing advanced language model systems?,"You will learn to leverage MLOps best practices, such as experiment trackers, model registries, prompt monitoring, and versioning, moving beyond isolated scripts or Notebooks."
Detail the function and process of the data collection pipeline within the LLM twin architecture.,"The data collection pipeline crawls your digital data from various social media platforms. It cleans, normalizes and loads the data to a NoSQL DB through a series of ETL pipelines."
"What skills are acquired through the process of building and deploying a complete, production-ready LLM system?","You will learn how to design, train, and deploy a production ready LLM twin powered by LLMs, vector DBs, and LLMOps good practices. Learn production ML by building and deploying an end to end production grade LLM system."
Describe the process handled by the feature pipeline.,"The feature pipeline consumes messages from a queue using a Bytewax streaming pipeline. Its function involves cleaning, chunking, and embedding each message before loading it into a vector DB, all performed in real time."
Explain the steps involved in the training pipeline for language models.,"The training pipeline first creates a custom instruction dataset using your digital data. Subsequently, it fine-tunes a language model employing Unsloth, AWS SageMaker, and Comet ML for experiment tracking. Finally, the models are evaluated with Opik, and the best-performing one is saved to the Hugging Face model registry."
Outline the sequence of operations within the inference pipeline.,"The inference pipeline begins by loading the fine-tuned language model from the model registry and quantizing it for deployment via the AWS SageMaker REST API. It enhances prompts using RAG techniques, monitors the language model's performance with Opik, and connects the LLM Twin to a Gradio user interface."
Identify the key serverless tools integrated within the system architecture and their functions.,"Across the microservices architecture, four primary serverless tools are integrated: Comet ML serves as the experiment tracker, Qdrant functions as the vector database, AWS SageMaker provides the necessary machine learning infrastructure, and Opik is utilized for prompt evaluation and monitoring purposes."
How is the CDC pattern utilized for managing database modifications?,"The CDC pattern is employed to capture and send database changes directly to a queue. This mechanism ensures that modifications within the database are systematically relayed for subsequent processing by other components, such as a feature pipeline."
Describe the 3 pipeline architecture.,"The 3 pipeline architecture is a design approach that can be applied to a standard ML system. Within the context of an LLM project, its application involves making specific architectural decisions regarding the design of components like the data collection pipeline for social media data and how LLM microservices are structured."
Outline the main subjects covered in the first lesson about end-to-end LLM systems.,"In the first lesson, the project focus, a production-ready LLM Twin AI replica, is presented. Afterward, the 3 pipeline design is explained along with its application to standard ML systems. Ultimately, the lesson digs into the specific LLM project system design, presenting architectural decisions for data collection and the application of the 3 pipeline architecture to LLM microservices."
What is the expected cost for running fine-tuning and inference pipelines?,"From tests conducted, it is anticipated that running the fine-tuning and inference pipelines will cost approximately 15. For other associated serverless tools, such as Qdrant, Comet, and Opik, the intention is to utilize their available free versions."
Explain the significance of the 4 advanced RAG algorithms.,The 4 advanced RAG algorithms are presented as essential techniques that one must know how to implement. Understanding and applying these algorithms is crucial for building more sophisticated and effective Retrieval-Augmented Generation systems.
Detail the approach taken for the LLM twin system design.,The LLM twin system design involves presenting all the architectural decisions made. This specifically includes the design choices for the data collection pipeline handling social media data and a detailed explanation of how the 3 pipeline architecture was applied to the LLM microservices within the project.
